{
    "/home/ubuntu/SponsorSpotlight/frontend/static/uploads/video_trimmed.mp4": {
        "hash": "b202d4b8d342acafd942fa7c5ad7cb19",
        "size": 2281644916,
        "mtime": 1756200141.1818647
    },
    "/home/ubuntu/SponsorSpotlight/frontend/static/uploads/85995d9e-fba6-4b91-a7a8-fcb68d6138cc_output.mp4": {
        "hash": "27c274e6344950c0e8794c0963252640",
        "size": 3597164,
        "mtime": 1756204043.4934468
    },
    "/home/ubuntu/SponsorSpotlight/frontend/static/uploads/77af7e64-b992-49a8-b83a-a3ab2d03e6bf_output.mp4": {
        "hash": "27c274e6344950c0e8794c0963252640",
        "size": 3597164,
        "mtime": 1756206935.5581903
    },
    "/Users/mehdi/SponsorSpotlight/frontend/static/uploads/25045428-8b17-4589-bba5-0a1870ac08ce_output.mp4": {
        "hash": "27c274e6344950c0e8794c0963252640",
        "size": 3597164,
        "mtime": 1756202917.5613925
    },
    "/Users/mehdi/SponsorSpotlight/frontend/static/uploads/c4a76c0a-a283-4f87-ab57-cd340cfc0950_output-5.mp4": {
        "hash": "2b181a4b4c27070a214890cbac850e4d",
        "size": 1769570,
        "mtime": 1756475560.539725
    },
    "/Users/mehdi/SponsorSpotlight/frontend/static/uploads/63ecac3e-a1ba-4d92-85cc-fe06faa974dc_output-5.mp4": {
        "hash": "2b181a4b4c27070a214890cbac850e4d",
        "size": 1769570,
        "mtime": 1756476119.154369
    },
    "/Users/mehdi/SponsorSpotlight/frontend/static/uploads/e3151961-1a36-4d82-9aa7-91a87ce45919_output-5.mp4": {
        "hash": "2b181a4b4c27070a214890cbac850e4d",
        "size": 1769570,
        "mtime": 1756478867.9131417
    }
}