{
    "/home/ubuntu/SponsorSpotlight/frontend/static/uploads/video_trimmed.mp4": {
        "hash": "b202d4b8d342acafd942fa7c5ad7cb19",
        "size": 2281644916,
        "mtime": 1756200141.1818647
    },
    "/home/ubuntu/SponsorSpotlight/frontend/static/uploads/85995d9e-fba6-4b91-a7a8-fcb68d6138cc_output.mp4": {
        "hash": "27c274e6344950c0e8794c0963252640",
        "size": 3597164,
        "mtime": 1756204043.4934468
    },
    "/home/ubuntu/SponsorSpotlight/frontend/static/uploads/77af7e64-b992-49a8-b83a-a3ab2d03e6bf_output.mp4": {
        "hash": "27c274e6344950c0e8794c0963252640",
        "size": 3597164,
        "mtime": 1756206935.5581903
    }
}