Category,Number of Classes,Percentage of Classes
500+,2,0.2985074626865672
100-499,27,4.029850746268656
50-99,47,7.014925373134329
10-49,297,44.32835820895523
1-9,297,44.32835820895523
